,channel,watch_time,stream_time,peak_viewers,average_viewers,followers,followers_gained,views_gained,partnered,mature,language
0,xQcOW,6231729164,226747,254994,25055,2613960,1570781,114704588,True,False,Sw3d1zh
1,summit1g,6524737474,232384,231305,33125,4946184,1227440,94263605,True,False,English
2,Gaules,5761218819,541133,415814,11071,1555308,1004762,108840066,True,True,Portuguese
3,ESL_CSGO,4797733100,524974,331403,8816,4066492,594156,115748078,True,False,English
4,Tfue,5058703450,130433,270195,31047,6905674,2287384,85166463,True,False,English
5,Asmongold,4222636003,90328,197450,40668,1170050,623456,76563903,True,False,English
6,NICKMERCS,4296698561,136659,114747,21752,4829681,815497,59017435,True,False,English
7,Fextralife,4541245428,152390,55090,20834,460795,417840,743351305,True,False,English
8,loltyler1,2993514098,127395,77043,22429,3978101,658085,56566220,True,False,English
9,Anomaly,2902446990,110004,116204,12560,2481880,1421590,48573228,True,False,English
10,TimTheTatman,3736475958,121353,142776,21443,5786135,1381329,52258734,True,True,English
11,LIRIK,3051781765,154028,105682,22273,1965538,246787,53046756,True,False,English
12,Riot Games (riotgames),2888429980,95799,544387,22108,5136549,520505,60414177,True,False,English
13,Rubius,3069267898,68589,220162,38298,7912024,3905746,61027581,True,False,Spanish
14,auronplay,2484261421,46846,147321,63909,4150848,3014289,47972691,True,False,Spanish
15,MontanaBlack88,3063433118,78810,222701,35996,2433298,1186334,40879978,True,True,German
16,sodapoppin,2405381296,127517,115630,14366,3013174,226356,49839551,True,True,English
17,풍월량 (hanryang1125),2217469295,184540,21023,10563,537569,88713,40149222,True,False,Korean
18,alanzoka,2096246751,119220,78694,22121,3114532,1416876,63865335,True,False,Portuguese
19,CohhCarnage,2374583802,223633,41856,7888,1453994,134215,39986481,True,False,English
20,Lord_Kebun,2190423872,168782,33899,14033,401064,123657,23062333,True,False,English
21,LCK_Korea,2111004737,63105,140930,41897,642191,263085,77723188,True,False,Korean
22,Castro_1021,2086694319,121875,123040,18071,2776884,551651,25013657,True,False,English
23,DrDisrespect,1932796804,80226,99056,21893,5710995,886546,49094939,True,False,English
24,TheRealKnossi,2088305455,66694,338700,22560,1328654,815692,28727102,True,True,German
25,TheGrefg,2049005772,61628,620752,31922,3094143,3712512,47383418,True,False,Spanish
26,YoDa,1700024696,150974,126527,12555,1080591,418106,42545203,True,False,Portuguese
27,Pestily,1863217518,179842,191174,10118,594170,479031,24210167,True,False,English
28,한동숙 (handongsuk),1660146560,135347,61048,9678,436227,75330,35529930,True,False,Korean
29,GamesDoneQuick,1983214663,90271,279787,6783,1814069,89251,57591676,True,False,English
30,Solary,1886779568,549543,16663,2701,691986,140524,53470400,True,False,French
31,Gotaga,1707442419,155061,82121,10308,2218324,584467,47805641,True,False,French
32,MOONMOON,1922162644,145713,28967,12756,794767,89936,14354330,True,True,English
33,DrLupo,1940028745,189396,104663,7688,5235241,566663,55633961,True,False,English
34,OgamingLoL,1579444904,546397,145488,3414,470235,98052,86031531,True,False,French
35,Myth,1495288758,164280,147539,7223,4954765,1664641,43111628,True,False,English
36,Evelone192,1904722453,92808,97071,19084,1502168,713846,50523136,True,False,Russian
37,nl_Kripp,1655823046,171951,25326,7452,1334474,103131,20470841,True,False,English
38,LEC,1473082057,48104,262246,28303,1058776,610898,26553468,True,False,English
39,dota2mc_ru,1721050594,70505,189510,18365,419048,178299,42095718,True,False,Russian
40,Fresh,1528749189,195085,55175,7919,3142535,2035396,27387396,True,False,English
41,LCS,1538373146,40101,243159,55297,1239708,544054,28497742,True,False,English
42,ROSHTEIN,1777274090,122373,49148,12408,387670,232799,17932527,False,True,English
43,ibai,1513338270,64234,217582,23941,1613283,1702558,45426010,True,False,Spanish
44,TFBlade,1626840342,148754,40558,9649,890172,404248,36637495,True,False,English
45,Sardoche,1551558965,178787,151189,9289,687039,404114,40261347,True,True,French
46,LCK,1521380579,46873,167378,34907,869648,341465,36052309,True,False,English
47,Yassuo,1443734403,128857,83574,8332,2027883,752569,35518380,True,False,English
48,HasanAbi,1517677973,202068,51603,7016,304442,308755,14814441,True,False,English
49,BeyondTheSummit,1718987276,635669,105064,2159,804722,134218,48062251,True,False,English
50,Dota2RuHub,1453128995,97261,124192,12394,905009,129891,49551795,True,False,Russian
51,Bugha,1464300146,122647,64992,11105,2875615,1947093,56449689,True,False,English
52,RocketLeague,1489251124,35371,259365,36508,1794000,347982,58803018,True,False,English
53,csgomc_ru,1703811255,90699,267912,18023,445113,410706,45731621,True,False,Russian
54,Clix,1282094829,92292,79716,16919,1294814,1668822,38243468,True,False,English
55,Gorgc,1411122196,155990,63896,8972,407459,107858,21753429,True,True,English
56,서새봄냥 (saddummy),1249276910,195506,30134,5072,619142,91308,37236126,True,False,Korean
57,NoWay4u_Sir,1406592574,169636,19633,6082,449723,85030,25568196,True,False,German
58,RiotGamesBrazil,1250224222,43328,245438,21686,942772,293640,42686094,True,False,Portuguese
59,JLTomy,1299639144,128332,44366,11229,370130,223305,16842154,True,False,French
60,SolaryFortnite,1307322406,447403,40873,3039,1720941,478264,28765616,True,False,French
61,ONSCREEN,1239408121,147125,78267,4321,1189837,835353,23353250,True,False,English
62,AdmiralBahroo,1285348939,162816,18758,7245,929173,76100,13174041,True,False,English
63,Quin69,1406483168,184164,41045,5647,522442,77876,29065370,True,True,English
64,Trymacs,1221425081,112521,51509,10891,2004922,561200,21497247,True,False,German
65,dasMEHDI,1183633749,242986,56126,4922,271828,82209,8273190,True,True,English
66,sneakylol,1159544374,192172,22200,6448,1466848,194654,18977328,True,False,English
67,NickEh30,1238326060,134638,97497,7822,1928400,1203378,46106804,True,False,English
68,fps_shaka,1369556265,233711,34688,5312,249688,161141,23838227,True,False,Japanese
69,LVPes,1385335169,109017,251556,14175,677946,192793,52008940,True,False,Spanish
70,Vader,1143499964,213128,15307,5467,484094,68680,12328346,True,True,English
71,forsen,1268182475,136362,40096,11176,1460622,156704,18689313,True,True,English
72,Papaplatte,1183737681,155136,42350,8593,812283,531590,24645100,True,False,German
73,StarLadder_cs_en,1171201343,40949,382390,32401,1000079,221626,30551933,True,False,English
74,Symfuhny,1247043483,145946,36309,10324,1869466,673087,21148349,True,True,English
75,DreamHackCS,1067921739,333453,215393,5127,1966174,256145,30191697,True,False,English
76,Mizkif,1060565125,125949,27522,6147,589991,342195,16409889,True,False,English
77,Rainbow6,1100683279,97199,122937,11771,1741735,508675,17781044,True,True,English
78,stylishnoob4,1439486121,139855,24326,10331,334321,140464,22341918,True,False,Japanese
79,Maximilian_DOOD,1276640546,117867,42143,9445,971325,138387,16849573,True,False,English
80,Trainwreckstv,1078635052,183960,53706,7088,706078,349076,15035102,True,True,English
81,dota2ti,1063744257,7240,434230,155108,729504,109986,17485882,True,False,English
82,GRONKH,1423703460,55336,87153,15214,1189687,222801,17448982,True,False,German
83,SypherPK,1021715065,145584,114879,5880,3453970,1024236,30309686,True,False,English
84,ZeratoR,1075844186,85429,272491,7720,1054841,209160,37218443,True,True,French
85,SilverName,1063305521,103608,20623,10887,609042,139583,31240750,True,False,Russian
86,Sacriel,1051685216,172181,81651,6697,562367,123849,64104710,True,False,English
87,dakotaz,988863761,154449,47628,8417,6074308,543377,19102698,True,False,English
88,Stray228,1084097395,108226,40155,10362,562302,212637,24464491,True,False,Russian
89,AdmiralBulldog,1052996020,204957,11537,5484,790060,71595,22668918,True,True,English
90,pokimane,1068941779,62845,113744,19587,6822161,1776175,49154466,True,False,English
91,lestream,978697092,266361,54106,4036,779735,109846,32372982,True,False,French
92,ybicanoooobov,961233181,121874,18207,8841,604572,124934,16926686,True,False,Russian
93,Method,1023981310,245760,161584,3878,375162,128696,29827422,True,False,English
94,Nightblue3,1034308051,141178,18739,3805,2589227,181038,20141918,True,False,English
95,EsfandTV,900291963,195824,31431,4175,298627,251723,27146745,True,False,English
96,shroud,922564236,33600,398759,25171,8509445,962766,34383124,True,False,English
97,NOBRU,939223476,44779,107162,20773,1386161,1659822,7908274,True,False,Portuguese
98,buster,918386214,70955,73397,12417,919486,1134835,38754500,True,False,Russian
99,Scarra,887974418,140646,25717,4636,1266449,280689,17319143,True,False,English
100,Baiano,1045053814,114004,75518,9177,533380,393815,22392324,True,False,Portuguese
101,괴물쥐123 (tmxk319),871173282,120766,87998,6910,476865,456164,17932937,True,False,Korean
102,WePlayEsport_RU,922683159,112044,140121,10269,299528,270559,33490982,True,False,Russian
103,elded,878608602,113486,52388,8054,2758167,1391489,16630097,True,False,Spanish
104,LPL,876821116,64105,133901,18390,449264,300329,37917318,True,False,English
105,juansguarnizo,891754071,146076,43772,6044,1069744,1063720,14069809,True,False,Spanish
106,Rakin,863523938,195120,62762,4304,1795678,461184,29607098,True,False,Portuguese
107,SolaryHS,828083550,525289,16388,2066,128690,43994,11941096,True,False,French
108,Cellbit,835826578,131468,73113,8602,1505410,682830,19698108,True,False,Portuguese
109,dota2ti_ru,827267408,6558,498230,86296,575804,106129,12143205,True,False,Russian
110,uzra,853706935,211928,13919,3318,179540,27654,22957951,True,False,Chinese
111,OverwatchLeague,861718617,27751,305552,27124,1658231,97321,28913236,True,False,English
112,Thijs,903243887,113332,21931,6671,727001,54704,16899272,True,False,English
113,Swagg,890705523,111617,66234,5144,756004,656695,8269326,True,False,English
114,TeePee,928361857,192396,90204,5136,455762,183564,17971356,True,True,English
115,LVNDMARK,886983766,238294,101011,3647,299285,288747,10499503,True,False,English
116,Agraelus,957760602,187952,21322,4711,371988,142060,22467749,True,True,Czech
117,BLASTPremier,848223222,25463,107380,19738,551614,275060,22362884,True,False,English
118,cloakzy,775142600,105261,46727,6720,1766936,670698,15558758,True,False,English
119,aceu,784524839,123518,24344,4898,969174,725329,20640024,True,True,English
120,蝦愛橘子 (shuteye_orange),848807286,343316,7593,2169,98741,33819,18841772,True,True,Chinese
121,Elraenn,953521852,57590,57612,13231,1258149,680069,20923901,True,False,Turkish
122,Elajjaz,870243918,169319,10356,4825,353965,40989,15314715,True,False,English
123,CDNThe3rd,809206912,141301,48402,4015,1686779,188563,15419710,True,False,English
124,POW3Rtv,731779270,201398,51526,4236,1078013,427080,27371350,True,False,Italian
125,IzakOOO,919292883,140539,45071,4252,1239663,340188,24716695,True,False,Polish
126,DreadzTV,846719714,122901,33123,6157,742681,65217,36343399,True,True,Russian
127,따효니 (ddahyoni),825165038,198009,21636,5129,349541,39140,18466383,True,False,Korean
128,WePlayEsport_EN,730823463,108935,88471,6790,130677,168573,21104721,True,False,English
129,ElmiilloR,873505498,163785,55274,5841,457193,158858,20731960,True,False,Spanish
130,Squeezie,711890294,34712,181732,20336,2603297,894788,23021529,True,False,French
131,allkeyshop_tv,729898223,525437,5223,1455,64533,25752,56031014,True,False,English
132,Domingo,762048889,67031,99026,11714,689461,232170,27171719,True,False,French
133,PlayHearthstone,693559955,41214,46632,11084,894479,38490,34175285,True,False,English
134,ESL_DOTA2,698723667,247918,103686,5290,300851,78065,14937423,True,False,English
135,Kitboga,721489769,101288,22614,8641,768286,389653,8970366,True,False,English
136,DansGaming,726983883,215461,39136,3397,682200,27740,13862069,True,False,English
137,老皮 (mobilmobil),689064521,130660,18127,6469,448642,41428,22242402,True,True,Chinese
138,Destiny,665235389,183408,25338,3104,628525,102763,9528281,True,True,English
139,우왁굳 (woowakgood),718043986,194896,14297,4258,665115,210511,21424423,True,False,Korean
140,RATIRL,745049188,169623,14209,3863,293069,239223,14736272,True,True,English
141,bratishkinoff,696882650,65788,46607,10312,1274852,348188,28215872,True,False,Russian
142,Yogscast,757491213,450595,65790,1091,915700,139806,23936817,True,False,English
143,앰비션_ (lol_ambition),689706338,124361,58210,4638,370771,152872,20115869,True,False,Korean
144,jukes,712076926,87683,21170,9400,915816,407924,23354597,True,False,Portuguese
145,木棉花官方頻道 (muse_tw),709756418,468334,17786,1232,119765,115403,15287387,True,True,Chinese
146,Shlorox,682464626,122687,14487,5016,299196,49109,15892777,True,False,German
147,coscu,651531133,90109,68967,6099,1921659,1155040,20112681,True,False,Spanish
148,dogdog,651065398,108956,17790,6584,686028,36416,13337435,True,False,English
149,chocoTaco,787464811,164080,30177,4149,1189203,258630,19153608,True,False,English
150,Locklear,688156271,112646,59142,6294,859463,477467,20212944,True,False,French
151,餐餐自由配 (blusewilly_retry),675403021,130768,20008,5405,389731,40002,18881678,True,False,Chinese
152,Amouranth,661608128,269614,13650,2721,1892220,528097,48600758,True,False,English
153,UberHaxorNova,768759315,200398,7771,2303,485454,49785,7547674,True,False,English
154,Sfory,667762452,74562,71706,3564,418564,515706,13077145,True,False,Russian
155,Giantwaffle,639516558,234242,34836,3598,1036337,18086,14577820,True,False,English
156,ZanoXVII,768055482,105084,27106,5498,491815,275882,6204045,True,False,Italian
157,침착맨 (zilioner),697007152,98326,47019,4989,447196,172950,20281533,True,False,Korean
158,SkipNhOLIVE,701019876,568658,7711,1035,478257,302298,8207671,True,False,Portuguese
159,Kamet0,696075267,153300,58129,4063,629675,179665,15307780,True,False,French
160,MYM_ALKAPONE,617311320,98764,21461,5271,634485,118729,8859944,True,False,Spanish
161,김진우 (jinu6734),604321183,126246,16856,5572,360304,85836,10005460,True,False,Korean
162,imaqtpie,713122666,197017,23318,3552,1934491,57145,17073568,True,False,English
163,x2Twins,636581755,149761,28999,4062,1098158,981070,17282356,True,False,English
164,C_a_k_e,624059319,145983,14880,4832,406266,47192,19153425,True,False,Russian
165,SmiteGame,634980254,374252,39302,1491,553031,73981,9535020,True,False,English
166,RatedEpicz,730839366,199374,11202,4365,136923,68356,7538011,True,True,English
167,wtcN,714506997,77871,56534,6718,2140714,497386,31638990,True,True,Turkish
168,Anton,598114926,162728,140334,3610,282156,173362,7046321,True,True,English
169,benjyfishy,651962506,37947,80135,9893,1723262,1774218,22246823,True,False,English
170,StarLadder5,593339827,45891,157493,11199,1290030,103038,23113422,True,False,Russian
171,Reborn_Live,687017215,34634,65475,20400,592228,874189,10500976,True,True,Spanish
172,CasinoDaddy,623116327,276062,4139,2560,126401,36397,8417792,False,True,English
173,H2P_Gucio,594433042,167756,7942,3838,176045,68577,14978222,True,False,Polish
174,Xayoo_,783413126,113570,22685,4458,587769,264339,13623274,True,False,Polish
175,Jinnytty,741092771,165343,14556,3081,382957,251768,17065900,True,False,English
176,KendineMuzisyen,722401742,62176,52284,12229,1210135,489634,20834794,True,True,Turkish
177,Jahrein,602420323,64106,41245,7817,1458930,202470,21147825,True,False,Turkish
178,Mathil1,592803919,146352,26786,3764,299460,46181,17440617,True,False,English
179,Greekgodx,634478709,102229,50786,7321,1116117,406001,13600908,True,True,English
180,Brunenger,648889968,202582,60517,2061,732990,522145,15096188,True,False,Spanish
181,ClassyBeef,633959529,292508,32758,2202,127534,85874,7237261,False,True,English
182,Diegosaurs,571287397,156607,38740,4027,509599,284364,9851999,True,True,English
183,BobRoss,588052170,270914,13169,2254,1646204,165719,8716829,True,False,English
184,Nick28T,577278665,200233,16278,3501,957733,74282,7321827,True,True,English
185,녹두로 (nokduro),575375196,142237,11280,4519,176724,110538,10303028,True,False,Korean
186,GMHikaru,634255292,86447,38684,8178,551188,423175,20726462,True,False,English
187,SkipNhO,653119716,133058,21362,3306,1228946,270744,16544781,True,False,Portuguese
188,jovirone,605662286,121689,24261,5748,782813,246030,22587023,True,False,Portuguese
189,Chap,613356629,202276,23331,3290,1193078,253018,14471469,True,False,English
190,김도 (kimdoe),626403290,158331,14506,4682,280570,11632,17104620,True,True,Korean
191,RebirthzTV,561523278,137604,15831,3178,211507,77376,8638399,True,False,Thai
192,Klean,549222127,214955,67525,2599,263486,153264,9808726,True,False,English
193,接接 (godjj),692689565,131058,12306,4640,378860,17045,23418286,True,False,Chinese
194,Gladd,683484717,189564,60103,3008,263856,142928,10008874,True,False,English
195,CSRuHub,576059110,127322,102518,6641,545640,145064,28445436,True,False,Russian
196,CriticalRole,727309902,24555,117721,19295,518500,215996,8161055,True,False,English
197,Vinesauce,553172764,108696,24521,6546,503505,81069,6119753,True,True,English
198,울프 (lol_woolf),557915462,52484,81422,9717,298293,133815,10688226,True,False,Korean
199,Mithrain,651389682,123444,38686,4426,1459506,341360,34157442,True,False,Turkish
200,EWROON,543049932,125207,19829,5370,549086,227635,13736838,True,False,Polish
201,ludwig,575501968,104887,61494,4151,544133,513172,8586043,True,False,English
202,RduLIVE,607639128,137596,12881,4638,200111,60689,7755232,True,False,English
203,Hiko,655188138,81446,38380,4605,1268205,509020,11407030,True,False,English
204,FENGRUSH,639715866,110384,14938,5187,83980,23035,52086002,True,False,English
205,Chess,637796285,108823,84110,6137,328867,176127,88918460,True,False,English
206,72hrs,612648425,136878,32071,4373,1095486,271458,12968937,True,False,English
207,TwitchRivals,610908226,37705,115430,15144,1365750,573310,82118330,True,False,English
208,狂暴小建 (a541021),567385504,211527,8899,2434,220369,16779,20872436,True,False,Chinese
209,hashinshin,549034919,193866,11398,3324,671088,195616,13210027,True,False,English
210,JoshOG,511167782,168492,85833,2916,1648273,132572,24557987,True,False,English
211,B0aty,585324504,168693,25307,3339,443995,47690,9791370,True,True,English
212,AustinShow,545758603,24739,85866,32170,733418,413994,13223126,True,True,English
213,39daph,614056340,172579,14920,3611,561148,418150,9640013,True,False,English
214,scump,556061507,82060,81610,6826,882902,249573,9072090,True,False,English
215,플러리 (flurry1989),580510795,133883,9389,4121,187048,52979,11602364,True,False,Korean
216,Kyle,555749568,162822,10793,2644,210097,56428,5903862,True,True,English
217,SummonersInnLive,561095460,72262,112895,7390,384193,42270,14624133,True,False,German
218,Aydan,517949906,143062,58602,3419,1624229,300236,11122562,True,True,English
219,Faker,514127976,19410,60334,28512,2145562,642831,34520395,True,False,Korean
220,Mongraal,563894478,30242,92063,19628,2114156,1470682,22195864,True,False,English
221,탬탬버린 (2chamcham2),516679054,107778,21464,5977,452600,146934,15370018,True,False,Korean
222,EmadGG,514502360,156853,68803,3066,781826,646205,9670550,True,False,English
223,쌍베 (pacific8815),559140328,135488,26692,3480,198310,40733,14659989,True,False,Korean
224,FolagorLives,485645022,82827,57950,6261,705777,403394,10541629,True,False,Spanish
225,lilypichu,576858366,65641,31697,9636,1332189,693545,17966010,True,False,English
226,mistermv,488583789,90229,46068,6780,471101,184394,13861456,True,True,French
227,Bonjwa,512056841,293191,11278,1476,127387,24224,14499517,True,False,German
228,KingGeorge,562493864,185603,12325,2546,864272,238238,6482808,True,False,English
229,KingRichard,537875886,142192,14054,4013,1341857,127633,10942778,True,False,English
230,melharucos,593083735,139225,14783,3438,350886,71080,17934041,True,True,Russian
231,INSCOPE21TV,497820139,67672,42056,8263,848425,535923,12011541,True,True,German
232,JohnPitterTV,471939391,536862,4127,738,299030,217297,21338772,True,False,Portuguese
233,Zizaran,493120857,188250,22396,2539,246854,55241,19416361,True,False,English
234,imls,550455344,99327,34994,5943,320188,183295,9520204,True,False,English
235,TSM_ImperialHal,459657982,140302,28835,3681,284325,306301,9847159,True,False,English
236,악어 (jdm2088),535424334,37559,57679,12890,308536,110643,6185243,True,False,Korean
237,Ramee,516690071,196824,12254,2681,158702,81181,6896519,True,False,English
238,Towelliee,565316536,237708,17914,2324,684760,23745,17900311,True,False,English
239,SPYGEA,535673191,160533,17641,2669,160450,97744,13350819,True,False,Japanese
240,FollowGrubby,498071118,132989,18304,3011,359859,35959,12789363,True,False,English
241,Amar,495283043,120746,40068,4731,761866,242483,12991501,True,False,German
242,mch_AGG,480872777,525326,8751,645,235095,110000,12462929,True,True,Portuguese
243,IWillDominate,473549696,100542,23275,4269,808700,81674,9548568,True,False,English
244,Nadeshot,441178553,61636,44398,8577,1113398,379981,8452332,True,True,English
245,buddha,477829620,154568,11841,3276,217050,32150,7125645,True,True,English
246,Deadlyslob,510058383,141163,113791,3507,272150,161023,8160286,True,False,English
247,懶貓 (failverde),447906697,201127,14135,1977,183547,28194,13223847,True,False,Chinese
248,嬌兔 (zrush),455440357,162197,12264,2920,148481,59679,15947438,True,True,Chinese
249,HoneyMad,442025916,69693,22959,6706,702097,66801,15875717,True,True,Russian
250,ESAMarathon,450259782,327430,24684,1730,226472,39578,40563320,True,False,English
251,Nmplol,503031801,71455,26353,8004,483498,88381,10215739,True,False,English
252,relaxing234,452490426,64697,21187,6251,249847,103043,13054641,True,False,Chinese
253,Doigby,437596353,64847,87226,6325,1319514,595751,15699343,True,False,French
254,Sequisha,482059919,178415,17559,2787,256925,110607,10200216,True,True,English
255,HusKerrs,447479885,122098,45201,3292,396668,226021,7068143,True,False,English
256,얍얍 (yapyap30),459113504,55055,33257,8138,305133,33322,10244562,True,False,Korean
257,Elwind,493093492,62849,17832,6516,644856,214336,17038866,True,False,Turkish
258,Shiphtur,437008610,150545,20572,2587,820886,56329,10070957,True,False,English
259,BarbarousKing,463602392,220060,12823,2261,149526,27544,5612735,True,True,English
260,alexelcapo,479603468,80853,79762,5506,741775,178909,13815071,True,False,Spanish
261,moistcr1tikal,514333428,121618,44606,4348,1341107,696739,7894043,True,False,English
262,Rush,465816521,94130,14225,3110,722617,88460,7810958,True,False,English
263,LosPollosTV,414828253,70381,56219,6063,388262,141628,6515828,True,False,English
264,DreamLeague,455296310,320200,116492,2481,398423,64177,7487869,True,False,English
265,Voyboy,469549534,81718,26225,5069,1209666,121300,9851368,True,False,English
266,BastiGHG,428415315,176096,12836,2734,576805,217900,8915166,True,False,German
267,DatModz,434443345,271442,14161,1535,351618,37445,11263190,True,False,English
268,dafran,410168839,107243,23804,4304,526109,127899,8982149,True,False,English
269,yeTz,427620133,93291,28704,4288,832569,275966,13430430,True,False,Portuguese
270,Aurateur,447334494,184265,19808,2410,142097,27452,4627595,True,True,English
271,pokelawls,447287208,131901,18183,3892,573724,190273,6330366,True,False,English
272,ziGueira,439155169,119389,34066,3402,590888,199619,8456717,True,False,Portuguese
273,A_Seagull,521372150,106883,23737,4403,1197900,61349,8167531,True,True,English
274,koil,544841292,146894,12417,2756,303872,51321,10283783,True,True,English
275,PAGO3,457697308,161245,24632,2510,391910,164614,13218177,True,False,Polish
276,Llobeti4,460624584,113704,36827,4229,593730,751378,11831267,True,False,Spanish
277,殺梗 (xargon0731),410825068,186355,9426,2546,269742,16570,18453508,True,False,Chinese
278,itsHafu,408826573,139008,30867,2958,836764,43330,10387272,True,False,English
279,shongxbong,411606816,56786,110099,8071,729503,743578,4455883,True,False,Arabic
280,StaysafeTV,439006712,169086,13326,2790,186244,56646,8722758,True,True,English
281,Loeya,415294436,172193,7612,3166,1438215,399286,20545308,True,False,English
282,RiotGamesJP,414491957,27628,48117,13357,177379,27904,11618084,True,False,Japanese
283,btssmash,519510494,444487,85327,1034,212070,77897,7517121,True,False,English
284,PietSmiet,415376608,113700,34177,4852,705781,104906,13067359,True,False,German
285,Payo,460806872,157690,14978,2295,157209,99351,12516526,True,False,English
286,Shotz,419099777,164773,10683,2672,132035,57295,5628498,True,True,English
287,실프_ (silphtv),426098907,215369,10798,2085,325717,71099,8131472,True,False,Korean
288,m0xyy,409707570,140438,26806,1795,486471,283913,6621789,True,False,English
289,LexVeldhuis,386738729,84907,43753,5952,200429,58923,21163529,True,False,English
290,NateHill,448643444,137332,45480,3226,1100233,589370,16040092,True,False,English
291,Shaunz,428001877,108042,17573,2736,144390,75172,11539956,True,False,French
292,Emongg,467894161,157769,16085,1943,450618,160514,6054663,True,False,English
293,fl0m,391680831,218798,22503,2034,766922,200398,12860196,True,False,English
294,AsmodaiTV,447155370,146781,11657,2929,269897,29317,7148136,True,False,English
295,Homyatol,435993436,79637,25251,5830,354369,212414,8018950,True,True,Italian
296,Grimmmz,387029946,182961,16394,2123,1126177,45890,8297204,True,True,English
297,aXtLOL,382082121,84164,29499,5554,888165,163158,10185810,True,False,Portuguese
298,boyMinORu,415751311,151237,26368,3042,398817,88680,20563916,True,True,Thai
299,just_ns,407790734,137452,43115,3580,381221,47699,13565643,True,False,Russian
300,BurkeBlack,449270727,196314,4681,2001,368593,11171,5498555,True,True,English
301,Trick2g,409354046,173034,22019,2694,1368831,115017,8769482,True,True,English
302,FORMAL,398585070,148609,18061,1540,625872,153676,4914879,True,False,English
303,Fortnite,420900014,12222,136086,27613,3632980,1047941,21617925,True,False,English
304,Magic,371145641,47804,126175,6071,301738,58404,23112513,True,False,Spanish
305,Xari,390028421,83823,27812,3733,263763,145657,5931249,True,False,French
306,RocketBeansTV,415902170,564659,5176,765,384705,25173,7157700,True,False,German
307,ANGRYPUG,399911271,185550,11865,2432,288899,56515,5298476,True,True,English
308,MarcaoRX,404369738,370841,7445,1315,162743,72768,5230963,True,True,Portuguese
309,yamatonjp,381507199,170117,7437,1922,146556,62634,11668677,True,False,Japanese
310,btscsgo,403072515,58075,93773,6276,212892,157562,9845783,True,False,English
311,Skyyart,376509462,125622,24836,2508,756117,255226,9167714,True,False,French
312,gratis150ml,403300253,227805,7069,1995,635859,108796,14959179,True,False,Portuguese
313,ShivFPS,387003105,266845,6782,1606,269364,182478,6920206,True,False,English
314,Ponce,391131602,139735,31982,3231,303209,208380,16097385,True,False,French
315,Distortion2,451588336,195008,10631,2058,270628,53199,5575689,True,True,English
316,boxbox,362533378,128566,23011,3084,1620421,144099,10960259,True,False,English
317,강지 (rkdwl12),520435176,153531,28739,2349,547876,274621,13199345,True,False,Korean
318,TheKAIRI78,457390958,55796,36677,6251,667464,624895,5375116,True,False,French
319,RiotGamesRU,419844923,21506,76046,19429,148138,81487,7266418,True,False,Russian
320,FPSThailand,379028681,189041,38097,2850,361527,71868,21244845,True,False,Thai
321,김나성 (naseongkim),356102558,230870,6686,1534,109191,25788,9541338,True,False,Korean
322,오킹 (obm1025),379546787,96607,22627,4103,481461,271612,9389931,True,False,Korean
323,singsing,358268366,155701,11170,2383,616291,55614,6537996,True,True,English
324,BlackUFA,436281274,91805,9061,4000,200413,33019,13871638,True,False,Russian
325,QuattroAce,378068636,241881,57099,1860,124615,129778,7601266,True,False,Russian
326,bateson87,363250240,122592,20640,3858,398131,202331,18476486,True,False,English
327,Staiy,387266611,107297,16739,3750,249330,95248,5596267,True,False,German
328,polsatgames,370404872,65556,79219,4630,148852,59645,19341004,True,False,Polish
329,NymN,343812146,117390,24133,3537,224011,106500,4432099,True,True,English
330,orangemorange,361562922,123966,17283,2653,324808,97464,10469884,True,False,German
331,MinosTV_,349536607,211899,30446,1782,228767,251272,6367927,True,True,French
332,NairoMK,394931262,125650,22153,2474,290751,75548,6455223,True,False,English
333,철면수심 (109ace),335317114,182595,15471,2208,194315,39739,10372816,True,False,Korean
334,UnknownxArmy,346551521,96836,36947,3811,1006019,805517,12945088,True,False,English
335,s1mple,337142664,26108,32411,12316,1373973,801342,22520522,True,False,English
336,bysTaXx,332936627,55707,213786,5115,998597,826952,11549431,True,False,Spanish
337,Sjow,412190137,167338,5974,1883,208392,26536,3575656,True,False,English
338,hardgamechannel,351560180,57598,35845,7605,836376,218307,11119006,True,False,Russian
339,scoped,367252288,68590,40014,5413,726235,635825,12136257,True,True,English
340,VooDooSh,364393763,140113,8359,2793,96055,70514,9346370,True,True,Russian
341,WELOVEGAMES,390976535,121087,23261,2288,431881,43635,28533135,True,False,Russian
342,StereOnline,371059589,429673,4878,675,339461,109034,5741049,True,False,Portuguese
343,keanelol,371927050,163610,8911,2067,199600,93377,4102910,True,False,English
344,살인마협회장 (sal_gu),327061005,126951,16482,2450,172007,48928,7800716,True,False,Korean
345,sips_,356929720,127900,8092,2540,396646,73787,4670432,True,True,English
346,ESL_CSGOb,381354688,60675,87717,6225,579328,168079,14550208,True,False,English
347,kyo1984123,397452191,251386,5693,1527,177898,12118,15079828,True,False,Chinese
348,midbeast,381093990,124567,10572,2702,344320,138740,10912703,True,False,English
349,Alexby11,347740497,66020,62089,3763,1728227,978970,9316763,True,False,Spanish
350,Tumblurr,368329979,87496,16331,4063,375254,166352,4050130,True,False,Italian
351,Veritas,395165389,156479,90906,1364,202346,139920,4345384,True,False,English
352,daltoosh,338497890,196590,12877,2507,166734,130788,3677459,True,False,English
353,ELoTRiX,379979172,72490,34660,5331,812673,433314,5969447,True,True,German
354,TSM_Viss,329855171,137256,19864,2596,760884,90336,8589990,True,False,English
355,Anthony_Kongphan,333330469,185737,32576,1584,445224,52398,7213741,True,False,English
356,modestal,332681490,60627,23638,7457,277632,203514,11481029,True,False,Russian
357,소풍왔니 (yumyumyu77),383088143,69968,26134,4630,301977,49323,13271973,True,False,Korean
358,XEWER,342435779,217079,16830,1886,496593,237274,7624749,True,False,French
359,blxckoutz,339415797,154618,18419,2679,424810,422268,10351241,True,False,Portuguese
360,EASPORTSFIFA,325782785,13620,96815,25227,1162735,499663,11765746,True,False,English
361,ALOHADANCETV,343524669,77369,16909,3838,577760,98747,13444264,True,True,Russian
362,연두는말안드뤄 (rudbeckia7),356487564,133752,6709,2333,202709,24952,10954573,True,False,Korean
363,Flashpoint,327395249,23272,94286,14053,87604,131409,28895960,True,False,English
364,Steelmage,343464862,201185,11086,1791,62093,28346,8159999,True,False,English
365,RoyalPhunk,315638468,144169,13033,2574,203314,29752,5075335,True,True,German
366,Overpow,310921365,162226,11590,1832,218743,27255,12389359,True,True,Polish
367,NeVeR_LosEs,348236708,98170,8881,2958,229963,21764,11707070,True,False,Chinese
368,AvoidingThePuddle,328408602,85768,15312,4845,410885,56791,4301358,True,True,English
369,Ko0416,369116142,225430,4329,1768,73919,11270,13153839,True,True,Chinese
370,Dota2ruhub2,307409523,57566,53373,5144,135273,77103,13622855,True,False,Russian
371,Slushpuppy,365817939,187167,115209,1462,141792,86404,5311630,True,False,English
372,itmeJP,334844380,146283,29759,2174,381819,5288,11198807,True,False,English
373,JesusAVGN,320221664,82868,52284,3957,753282,218115,17240569,True,False,Russian
374,tarzaned,396104829,75546,15290,2961,488373,163287,10094051,True,True,English
375,Mickalow,363297635,164501,26571,1681,866638,303840,9648775,True,False,French
376,UNLOSTV,350664320,25412,127088,12866,1482138,667819,12851353,True,False,Turkish
377,resttpowered,314496122,153900,11102,2536,393387,36455,9936500,True,False,Slovak
378,Felps,351644450,119199,15028,3428,908191,285871,6934598,True,False,Portuguese
379,Doublelift,359267779,20607,53797,11107,1405660,178201,8822962,True,False,English
380,쉐리 (kss7749),360043597,130835,13967,2750,175313,15993,8313181,True,False,Korean
381,Kiwo,310316100,285657,14028,1249,317600,42731,6136071,True,True,English
382,adolfz,303591101,68130,14900,5049,330852,141585,2803779,True,True,Portuguese
383,LigaPro1,321872244,254133,12241,1017,31788,27663,63044584,False,False,Other
384,knekro,343387833,111898,15647,2699,300725,85266,13638152,True,False,Spanish
385,Savjz,331048133,87093,11182,3221,625717,14365,4095806,True,False,English
386,BobbyPoffGaming,356903888,236506,7575,1220,119103,83248,2284607,True,False,English
387,The_Happy_Hob,318251921,108990,9166,2914,183970,41417,4412217,True,True,English
388,Smurfdomuca,344524358,140335,16375,2431,218661,269246,6374363,True,False,Portuguese
389,Timmac,322139729,198267,12220,1390,342032,30563,4237951,True,False,English
390,Nikolarn,369564245,135759,25733,2201,459565,271832,4459891,True,False,English
391,소우릎 (so_urf),323278339,175109,8848,1936,109702,37497,8460137,True,False,Korean
392,RiffTrax,296924653,552669,28112,694,69049,19406,3666187,True,False,English
393,pimpimenta,349393763,175399,21911,1704,888812,245783,14169639,True,False,Portuguese
394,FACEIT TV (faceittv),328506440,37126,147410,8955,1937505,26550,17967728,True,False,English
395,crokeyz,308705812,166953,4538,1957,68662,37836,3965321,True,False,English
396,Letshe,320492090,91182,25346,3618,1025579,743405,12247558,True,False,English
397,SaltyBet,322380095,541591,2909,367,276057,66229,4686181,True,False,English
398,소니쇼 (sonycast_),302920913,128258,6374,3033,319748,46830,14487126,True,False,Korean
399,HGmony,295511209,124128,24722,2674,41541,26597,115880240,False,False,Russian
400,jakenbakeLIVE,334125698,122479,21001,2444,528212,126894,7971487,True,False,English
401,Syndicate,310411341,67946,20429,4819,2950117,225968,14368732,True,False,English
402,RakanooLive,332836265,126506,20675,2744,1106757,520883,4034190,True,False,Arabic
403,공혁준 (rhdgurwns),306390463,84475,44559,4767,339119,70602,15260003,True,False,Korean
404,limit_maximum,298959812,92519,145936,2546,172123,57138,5980829,True,True,English
405,ElRichMC,327244637,38826,96512,6079,797570,326935,9473677,True,False,Spanish
406,guit88man,339660673,150958,6918,2024,116875,22324,9079311,True,True,Russian
407,RaizQT,305238539,154906,16973,1582,171372,31397,5454387,True,False,English
408,ReventXz,295787239,95587,44992,3078,284883,232288,9292459,True,False,Spanish
409,PatoPapao,321572698,148393,12104,2382,705636,104084,11336132,True,False,Portuguese
410,Replays,308931364,141638,19542,1940,895779,352813,6188660,True,False,English
411,cdewx,335102903,168954,28797,1772,409224,48085,8138963,True,False,English
412,亞洲統神 (asiagodtonegg3be0),343301892,76655,19535,3656,577927,26858,13065402,True,False,Chinese
413,BotezLive,402165270,134515,28615,2455,319424,223733,14146692,True,False,English
414,Conterstine,301335971,105372,20213,2961,280994,393840,5409358,True,False,Spanish
415,BeyondTheSummit_PT,289685447,429042,48967,721,235439,37531,10622429,True,False,Portuguese
416,AlphaCast,297470068,87049,34627,3618,420968,185299,10143584,True,True,French
417,DownToQuest,300833641,561231,17076,613,70170,48488,4522794,True,True,English
418,똘똘똘이_ (jungtaejune),298569726,199162,6854,2073,99461,9244,10344013,True,False,Korean
419,PENTA,296023583,136115,5954,2812,183585,37600,2836727,True,True,English
420,thedarkness,282734895,169665,7121,1810,378117,124425,8973640,True,False,Portuguese
421,uhSnow,331481205,114077,6373,2613,86746,43067,3838510,True,True,English
422,JERICHO,299743361,117818,18419,2756,741621,78018,8393152,True,False,English
423,T90Official,309304703,76526,45565,3458,169745,63509,7954744,True,False,English
424,DanucD,337520332,157835,5987,2208,510756,207871,13166390,True,False,English
425,DisguisedToast,342889347,21741,41392,9938,1652998,177030,6230316,False,False,English
426,DesertHeartsRecords,358421495,67149,20054,3093,99166,60827,71266138,False,False,English
427,Jankos,375697943,56628,18332,6688,501641,312573,10050123,True,False,English
428,GarenaTW,316853200,16213,102332,26597,368228,23025,11244658,True,False,Chinese
429,개복어 (dogswellfish),286695637,174984,10526,1084,215615,27640,11944724,True,False,Korean
430,Sykkuno,274497952,114231,26107,1627,393215,260290,6481984,True,False,English
431,JokerdTV,274798308,125738,316351,2097,192804,106030,9779524,True,True,English
432,A1taOda,295737263,167098,10692,2542,486144,54380,11805929,True,False,Russian
433,livekiss,308960286,553557,7622,643,27794,3107,1892591,True,False,Chinese
434,Jerma985,275794402,60842,15465,4249,374246,113134,3652773,True,True,English
435,KamoLRF,287248822,81280,18275,3247,731693,171954,7147240,True,False,German
436,GoldGlove,280312823,155473,29569,1914,1246255,21516,17700986,True,False,English
437,harbleu,275274010,67417,12708,3985,327833,132555,4265125,True,False,English
438,runthefutmarket,312435443,89903,16826,2490,243798,191874,4484727,True,False,English
439,웁_게임방송 (alenenwooptv),269940844,223845,4146,1198,145466,18205,6522118,True,False,Korean
440,KarmikKoala,279189973,143409,12907,2246,145572,74289,9685021,True,False,Russian
441,JustCooman,286672232,80143,12557,3231,112268,100436,9094445,True,False,Russian
442,IamCristinini,263413297,138365,5588,1919,374462,208163,13429046,True,False,Spanish
443,Xop0,304996639,266287,3934,1412,67300,37387,20301277,False,False,Russian
444,Warframe,276323354,14752,431586,11061,1477434,369758,5765167,True,False,English
445,Smoke,295688828,106966,23386,2746,180997,39003,4238946,True,False,English
446,Moondye7,270173338,100317,21310,2683,318128,35108,8323775,True,False,German
447,jean_mago,331706577,135403,13008,1494,264239,257808,7852235,True,False,Portuguese
448,mL7support,278707511,137779,9693,2710,415151,150074,5472180,True,False,English
449,KriszhAdvice,267084219,155219,32262,1804,258039,118080,7296816,True,False,Hungarian
450,QuickyBaby,280083506,124453,12137,1882,454519,37028,5860724,True,False,English
451,aDrive,303439701,102778,8343,1941,430662,107683,3911847,True,False,English
452,Ampeterby7,274704209,37192,52916,8821,1082025,1127683,6839083,False,False,Spanish
453,KabajiOW,272474234,73273,13957,3163,356759,94712,4465310,True,True,English
454,SNEUX,259189792,68573,29592,4300,167778,153121,5317407,True,False,Spanish
455,TrU3Ta1ent,263080893,113878,13336,2674,495036,98414,7782591,True,False,English
456,OgamingSC2,351478917,487675,11498,573,107102,11907,19903549,True,False,French
457,머독 (ajehr),272993205,91284,12464,3335,391432,103321,5792394,True,False,Korean
458,cyr,323927668,201767,24640,1354,201812,55838,4134200,True,True,English
459,MrSavage,286606671,34121,18303,6817,1259641,560254,10351961,True,False,English
460,Perxitaa,312893756,33013,35660,7880,516034,561145,7289669,True,False,Spanish
461,IlloJuan,279056687,65811,25841,4073,198016,199572,6815462,True,False,Spanish
462,masondota2,271627987,89301,10780,3338,89399,32104,3805129,True,False,English
463,Annoying,316919339,71469,17906,3296,331306,140903,2147687,True,False,English
464,고차비 (kumikomii),271005318,172687,3791,1390,134173,67293,6178704,True,False,Korean
465,Manyrin,260315846,119115,13376,2358,467224,135475,11519718,True,False,Russian
466,1DrakoNz,302400370,99338,15252,2581,421264,310376,7381054,True,True,Portuguese
467,Pace22,309341708,181439,11544,1292,207360,118546,4009848,True,True,English
468,Rammus53,283033691,115617,18759,1881,884317,330007,12392802,True,True,Turkish
469,SaltyTeemo,270288502,676335,1242,466,191784,33917,2169890,False,False,English
470,Odablock,259454135,105383,29596,2882,154114,102004,4988233,True,False,English
471,MckyTV,260355578,82485,51637,3432,584424,314432,10430075,True,False,German
472,Calebhart42,271615141,128944,7127,1535,189985,14452,3044899,True,False,English
473,MacieJay,262900674,130795,7130,2282,838391,203788,6724390,True,False,English
474,R6esportsBR,256209186,59954,75590,3433,342239,86671,6610121,True,False,Portuguese
475,chistor_,252808475,146714,6614,1786,69317,32019,6276083,True,False,Russian
476,Kephrii,267992740,188632,7634,1305,418042,99053,6167172,True,False,English
477,FEDMYSTER,278102433,27138,31317,8470,587442,309179,5745050,True,False,English
478,Gosu,274089457,79846,13728,3025,1590661,187117,9851329,True,False,English
479,supertf,259587749,97160,9519,2023,236434,140372,3782255,True,False,English
480,MoMaN,257595132,152789,15085,1136,333562,146632,10358569,True,True,French
481,Kotton,263850556,79608,57252,3612,225661,82171,4947363,True,True,English
482,saintvicious,246349529,170136,4982,1429,305001,45735,3303653,True,False,English
483,winstrike_tv,282696838,20251,195015,11455,133357,106155,10013762,True,False,Russian
484,pijack11,278722036,166668,8528,1743,267689,138928,6782566,True,True,Portuguese
485,pqueen,292391170,97429,10935,2733,525114,276793,9312584,True,False,Turkish
486,Northernlion,276414404,67451,9401,4410,399003,24809,4301867,True,False,English
487,Nattank,308840160,145044,8437,1568,92362,74955,8533402,True,True,Portuguese
488,bmkibler,278939118,107858,10976,2611,517411,27198,5831758,True,False,English
489,Arteezy,265850634,15264,25201,18618,711992,93112,4394179,True,True,English
490,선바 (sunbaking),251828346,102590,8823,3304,249884,99408,3551858,True,False,Korean
491,flamuu,264978225,127235,4646,2039,122655,33996,3888286,True,True,English
492,Mixwell,250731045,60985,28198,4128,415264,295777,6723087,True,False,Spanish
493,AntoineDanielLive,257383637,59776,12664,3987,467086,278728,7840497,True,False,French
494,G4G_REVENANT,282386076,87554,12991,3100,298409,46298,6972140,True,False,Spanish
495,maxim,290667678,88132,20117,3995,308123,142813,5466783,True,True,German
496,양띵 (yd0821),238783758,34421,36660,8086,305778,38860,2204993,True,False,Korean
497,c9judite,301961901,393732,6823,672,117754,91706,9311696,True,False,Portuguese
498,WOKE,281254304,55338,55399,4767,142767,61833,3685699,True,True,English
499,Amaz,235392522,92477,12401,1700,579700,-5749,4285341,True,False,English
500,ESL_SC2,304282471,310593,46985,1083,284201,34289,6174817,True,False,English
501,CooLifeGame,260592140,55641,14613,4198,413348,207209,6364722,True,False,Spanish
502,BruceGrannec,283844525,82896,8399,2894,432383,90874,6944405,True,False,French
503,CuteDog_,301653009,243326,6000,1083,126526,20200,3796910,True,True,English
504,大丸 (wtf_winds123),270479884,112516,12724,2304,263944,33923,9956524,True,False,Chinese
505,theRealShooKon3,254181358,182156,5601,1262,149169,36640,3427185,True,True,English
506,Albralelie,234016572,138528,15733,1298,221722,161651,5875372,True,False,English
507,룩삼 (looksam),265473729,77142,29247,2287,259185,10349,8514795,True,False,Korean
508,GTimeTV,267344962,194598,15723,904,574367,141194,7377623,True,True,German
509,WagamamaTV,232414806,188797,6823,1252,239218,24149,4130145,True,False,English
510,sleepy,231970697,108769,10443,2159,334450,250233,3701147,True,False,English
511,FifaTargrean,271903437,177128,5740,1368,390061,68610,9227663,True,False,Thai
512,GrandPOObear,274645521,103328,12839,2171,240339,33268,4266750,True,True,English
513,Pun1shers_TV,242162457,123641,6904,2551,96436,47793,4289130,True,False,Greek
514,gamelifeow,247188200,114181,33126,1554,223580,152082,9694308,True,False,Russian
515,Sh4dowehhh,295527213,124529,11996,2435,92323,67476,7010892,True,False,Russian
516,LuluLuvely,294580384,116572,9395,2240,366274,351159,6488711,True,False,English
517,Swifty,240375677,131066,17624,1800,619180,74649,9904345,True,False,English
518,Mibrtv,271838774,86080,130616,3777,254991,210531,8093844,True,False,Portuguese
519,PsheroTV,255268912,212763,9102,1635,224085,61998,5544071,True,True,English
520,bytarifaaa,282401172,18590,109626,11036,566681,594146,3703608,True,False,Spanish
521,Alderiate,238382718,70140,13674,3353,254592,69447,5671434,True,False,French
522,Solaaaa,246236224,101134,18620,2244,298013,76569,5988840,True,False,German
523,Strippin,274243591,126407,9513,2012,406359,19682,3184240,True,False,English
524,Mendo,227881571,114023,28404,2129,392154,178276,5885229,True,True,English
525,Pikabooirl,237243415,111820,24079,2494,278744,76353,6212549,True,False,English
526,Skadoodle,256784326,106013,40175,2188,495279,130902,6290529,True,True,English
527,MasterSnakou,288322226,132273,17584,1800,396153,68962,6717088,True,False,French
528,루시아 (lucia94),227115372,159045,10488,1788,63769,37553,7463730,True,False,Korean
529,Otzdarva,266993884,99116,13953,2670,286060,133690,3196148,True,False,English
530,꽃핀 (cherrypach),277188347,94484,8590,2446,265515,101517,7539379,True,False,Korean
531,Opat04,238313557,119202,11061,1311,153947,89394,6671891,True,False,Czech
532,icebergdoto,234468086,58294,15093,3535,127499,83505,7322350,True,False,Russian
533,P4wnyhof,259096138,217894,6934,1262,449949,6045,8766411,True,False,German
534,Mazarin1k,251482031,232329,8042,756,127986,66444,11621274,True,False,Czech
535,김뚜띠_ (kimdduddi),237136755,100806,7925,1456,147609,51235,4247442,True,False,Korean
536,옥냥이 (rooftopcat99),221423347,99923,9234,2088,228509,56367,6103348,True,False,Korean
537,KingGothalion,290262482,40406,40408,5438,800913,50823,3788801,True,False,English
538,ItsSlikeR,247022640,95714,15071,1757,263776,172171,6630253,True,True,English
539,Alinity,251869627,94453,21415,1781,1268036,265995,15443320,True,False,English
540,TidesofTime,223914910,101606,13870,1772,293891,37715,2532336,True,False,English
541,GernaderJake,233459511,168269,19336,1196,344121,72901,10462034,True,False,English
542,スタンミ (sutanmi),228750816,85846,9629,3301,60404,17330,3683862,True,False,Japanese
543,DarioMocciaTwitch,220215344,116031,8674,1957,122883,101922,4657296,True,False,Italian
544,bebe872,286049167,215413,6056,928,80896,60925,2577506,True,False,English
545,Lasqa,247931243,78146,9598,2639,121253,29007,5378076,True,True,Russian
546,六希夫 (qttsix),238011864,163951,12362,1485,130258,24410,11161352,True,False,Chinese
547,Flight23white,297672122,42025,72447,8681,922950,919011,2289166,True,False,English
548,Heelmike,237680680,104563,16519,2002,332883,220300,3532124,True,True,English
549,OGADotaPIT,235951463,20149,68582,9947,112973,55498,8361000,True,False,English
550,SoloRenektonOnly,220128494,171970,5330,1502,286279,79251,4877669,True,False,English
551,OfficialAndyPyro,245135620,251669,10840,1207,240235,26339,12162158,True,True,Finnish
552,k3soju,253615008,140317,5669,1347,69006,75433,3214196,True,False,English
553,SkyrrozTV,242281833,117425,14541,2131,511493,218571,7417676,True,False,French
554,LeBouseuh,250045748,69967,21759,4291,1123729,329113,4910024,True,False,French
555,BikeMan,244136668,143470,8428,1501,283766,8975,3729815,True,True,English
556,Rubini,237451055,163553,6938,992,88539,52528,8384215,True,True,Portuguese
557,JLWaliid,230176994,106896,20194,2361,285645,173489,4601866,True,False,French
558,qSnake,213328848,159879,5043,1483,209303,40366,6682312,True,False,Russian
559,Criken,223530109,138860,10916,1573,300284,25648,3714358,True,True,English
560,Loserfruit,229459076,101029,41701,1851,1848233,692488,12837455,True,False,English
561,Broxah,232557531,49638,13559,5385,350583,174352,5777958,True,False,English
562,JonVlogs,216541293,85445,17806,1994,558898,300596,3974323,True,False,Portuguese
563,ImSoFresh,222078750,184415,5890,1251,129107,38935,4286101,True,False,French
564,BeBePtv,217235591,134806,11409,1367,57484,30072,70014714,True,False,Russian
565,TrilluXe,229163304,83060,30396,2428,390811,88740,8172277,True,False,German
566,landonorris,246957430,36473,112637,6994,558458,340506,13435380,True,False,English
567,LotharHS,219247501,157667,17855,816,202144,139427,8259198,True,False,Polish
568,ElcanaldeJoaco,215803451,21504,50713,7241,649853,747034,5864165,True,True,Spanish
569,CzechCloud,209412095,151101,8305,873,143676,98498,9793573,True,False,Czech
570,chess24,221285899,94238,35775,1103,82540,57310,21123929,True,False,English
571,TheNo1Alex,231742460,182536,8727,1005,162614,36414,7406899,True,False,English
572,Crystal_LoL,212327186,153559,8750,1647,183513,89309,6064487,True,False,Turkish
573,WeAreTheVR,250013898,85548,25686,2407,402352,60941,10276587,True,True,Hungarian
574,AdzTV,206369557,148756,9580,1321,404470,210848,4457642,True,False,French
575,IrmanPlay,217311142,47827,21691,2873,231878,274576,3684522,False,False,Russian
576,Tomato,231631734,87833,4710,3017,62850,44214,2517588,True,True,English
577,쫀득이_ (pjs9073),215762131,92083,17978,2653,161816,103024,6887760,True,False,Korean
578,runitup247,245894836,605286,1142,481,82792,30367,3099759,True,False,English
579,NeZaK_,222076837,150687,7653,1431,269015,188279,3463410,True,False,Italian
580,피닉스박1 (xkwhd),240094835,195804,8515,1187,144120,40592,5330255,True,False,Korean
581,skill4ltu,215985015,141059,4590,1272,131178,40240,5115553,True,True,English
582,ilMasseo,208709647,110475,9273,2379,670524,396606,4950606,True,False,Italian
583,Worrun_,238420351,106813,42163,2051,132137,90992,3465317,True,True,English
584,brax,262759872,28845,30471,6428,597363,248937,4743729,True,False,English
585,rewinside,266214107,60761,19105,4062,1206616,330299,5898112,True,False,German
586,금사향 (sah_yang),207342798,138173,6835,1766,179685,114665,8762030,True,False,Korean
587,HAchubby,231816751,87453,10929,3152,217823,173460,5421973,True,False,English
588,Recrent,205632849,133823,7241,1294,201300,117775,9358606,True,False,Russian
589,iLame,209133613,169987,5061,1441,247829,59142,10875897,True,True,Russian
590,ixxYjYxxi,254463564,39436,17597,3391,745359,322226,2960964,True,False,Arabic
591,Wingsofdeath,225051530,150029,7169,1554,440562,6306,2870480,True,False,English
592,mang0,226110961,148358,22741,1368,437303,42873,3214402,True,True,English
593,Kamikatze,235357051,143769,7894,1838,98625,44158,5525750,True,False,German
594,Philza,235106637,81580,23243,3081,577091,353233,6568830,True,False,English
595,Kurumx,202987509,138747,16023,1266,42830,59099,2586112,True,False,English
596,Pieface23,307421825,97667,13254,2280,216316,108270,2114811,True,False,English
597,CurtisRyan,243294237,177680,6509,1203,75538,27482,3892000,True,True,English
598,CalebDMTG,201286183,156836,2117,1411,67139,8861,1942395,True,False,English
599,MarkiLokurasY,206525132,85303,24501,2906,1143069,439947,8163061,True,False,Spanish
600,JLBichouu,238303033,104188,18626,1924,166265,134909,4239088,True,False,French
601,나나양 (nanayango3o),210004841,134796,6684,1918,95681,68302,5369506,True,False,Korean
602,DavyJones,203881926,49099,56215,2689,1061689,401397,13555874,True,False,Portuguese
603,Fairlight_Excalibur,225636436,179726,18844,1123,510923,5943,1780824,True,False,English
604,PG_Esports,230995362,112759,27250,1723,118900,42435,17286621,True,False,Italian
605,StreamerHouse,220178798,584454,11479,337,835645,10591,3269445,True,False,English
606,Peereira7,206355384,147324,9497,1700,447391,366484,6993252,True,True,Spanish
607,Twitch,281258255,15096,100255,8279,917908,211879,48377063,True,False,English
608,Sev7n,215749652,191896,29922,1110,482887,185295,7596196,True,False,Portuguese
609,Wardiii,244355061,115644,9714,1763,83399,28421,4327076,True,False,English
610,자동 (tranth),263373952,186251,5145,1635,82394,8592,5435565,True,False,Korean
611,Kubon_,245775354,152773,10381,1298,269520,27039,7091556,True,False,Polish
612,KarasMai,264848570,142759,7799,1526,304354,112713,5050726,True,False,English
613,Sloot,221072880,224261,22525,1028,220242,18694,5658976,True,False,English
614,LPMassive,209186434,83529,16703,1810,254908,23301,2789652,True,False,German
615,羅傑 (roger9527),228959829,40440,11178,4416,141717,22694,4306087,True,False,Chinese
616,ChicaLive,272575282,96251,15192,1677,918980,591181,3089160,True,False,English
617,도현_ (d_obby),228384055,136701,19669,1611,197572,141168,6611138,True,False,Korean
618,Valkia,223955891,117346,24648,1025,261358,121467,9599277,True,False,English
619,caps,197979568,18373,25853,9492,466036,292237,6693839,True,False,English
620,龜狗 (gueigotv),205590671,148172,8994,1287,155864,25178,6523635,True,True,Chinese
621,Alfie,232590443,183149,10582,970,223307,31601,3785790,True,False,English
622,NiceWigg,246667232,137725,14240,1539,120917,93576,3453946,True,False,English
623,zEkO,228965282,52422,23872,3425,728043,298617,5614934,True,True,Spanish
624,x6FlipiN,199782034,66296,22345,2094,292176,169375,6718233,True,True,Spanish
625,JASONR,206500194,252266,34801,779,752819,106398,7873451,True,False,English
626,Dhalucard,194903857,102489,21896,1394,221779,118202,8172890,True,False,German
627,duckmanzch,197728855,145547,13501,1028,133309,66489,11987881,True,False,Thai
628,MrBboy45,202381494,122094,11761,1701,191256,54866,7210264,True,False,French
629,인간젤리 (ses836),217944603,157495,6217,1183,81586,19579,5136458,True,False,Korean
630,AladdinTV,209689306,133153,4547,1525,101214,57636,5697654,True,False,German
631,miniminter,215941697,49430,31007,4436,936618,467893,20126036,True,False,English
632,ClintStevens,197337363,48526,21445,4174,340580,127206,2533548,True,False,English
633,NoctisAK47,214462924,173345,8451,1124,73985,43465,7424562,True,True,Thai
634,Daxak,214046439,102920,7746,2186,114786,74564,6211919,True,False,Russian
635,ThaldrinLol,235276068,114084,11318,1853,473156,102520,8229019,True,False,Turkish
636,olyashaa,232767168,101479,9158,2117,578972,112706,16277797,True,False,Russian
637,Jay3,192784046,171349,6758,1060,181940,125097,3213989,True,False,English
638,SovietWomble,210224351,65791,10392,2674,1524627,189076,6296291,True,True,English
639,GodHunt,226976182,119703,20769,1624,203206,28329,8368932,True,False,Russian
640,Everyeyeit,218087204,158418,13665,1321,87428,40109,53889756,True,False,Italian
641,Speedrun,225454356,628288,18846,312,113239,62466,16839535,True,False,English
642,iamSometimes,190148825,110447,25159,1945,179836,78073,5652037,True,False,Thai
643,Broeki1,213367374,145578,9784,896,138411,26040,5200656,True,True,German
644,hexy,232229018,101455,12989,1395,371313,17778,2995567,True,False,English
645,Etoiles,239528818,93344,30417,2456,221221,196403,7452570,True,False,French
646,xChocoBars,189783559,104775,41928,1764,528822,111305,9472568,True,False,English
647,GN_GG,222496885,110514,4845,1558,69725,13539,3553935,True,False,Russian
648,SheriffEli,226339187,146173,6598,1273,249576,8028,2718079,True,True,English
649,iateyourpie,208508217,203427,10933,840,92979,7949,5472791,True,False,English
650,KYR_SP33DY,196008478,110033,5543,1746,757906,67060,2999779,True,False,English
651,armateam,205453749,423583,3527,600,182329,9269,3971507,True,False,French
652,JeelTV,199451763,100019,6847,2014,299522,257347,8071221,True,False,French
653,Pengu,204926243,77680,8570,2453,634938,227828,5463511,True,True,English
654,태준이 (dlxowns45),213920857,80692,14607,1640,334021,123494,6712952,True,False,Korean
655,gabepeixe,201501746,114135,6041,1643,187593,30807,4107954,True,True,Portuguese
656,TSM_TheOddOne,189720824,189045,5329,795,1090088,-15239,7997675,True,False,English
657,luke4316live,223248225,370970,1953,817,158120,34047,6167490,True,False,Italian
658,VGBootCamp,195015326,84914,100456,1546,557179,19364,5787984,True,False,English
659,CapcomFighters,199210315,26000,61836,6620,274260,21216,16800082,True,False,English
660,Datto,223305082,75195,85823,2743,550243,94378,5679316,True,True,English
661,NeverSayYesTwitch,204182186,119538,9954,1221,159333,219227,3767120,True,False,French
662,BeatportOfficial,231483139,28112,37781,6771,122683,112702,40232019,True,False,English
663,포셔 (portialyn),194584804,148442,5129,1065,42611,31305,3159119,True,False,Korean
664,케인 (kanetv8),181014523,166881,10867,1322,132378,45816,7708568,True,False,Korean
665,Sanchovies,191444833,166352,15394,801,134025,139914,4063157,True,False,English
666,GhostFreak66,183610586,114900,94233,1017,125125,94905,2572523,True,True,English
667,RTAinJapan,191281075,17523,34961,7704,72224,39466,2755520,True,False,Japanese
668,WankilStudio,189043669,17972,32733,10277,917652,240228,5305313,True,False,French
669,SLAKUN10,202881228,10514,52437,20837,2249003,2112589,6325391,True,False,Spanish
670,Monkeynews,195204360,185782,70489,1146,68928,62539,5481230,True,True,English
671,forever,188714944,35075,48425,5165,363787,371825,3120970,True,False,Portuguese
672,AlpTV,220668376,43465,39454,3063,435221,211379,6939005,True,False,Turkish
673,Crocodyle_lol,194066275,104055,10852,1781,121453,79098,3988616,True,True,French
674,WARDELL,189799707,127735,14076,1268,291063,332457,5590641,True,True,English
675,Tiagovski555YT,234479793,78607,10796,2350,212961,161144,5714326,True,False,Portuguese
676,Altair,192980936,152880,2751,1304,52927,21787,3374711,True,True,French
677,NiteNightKid,218342058,166542,31743,1000,31200,9988,1719520,True,True,English
678,fuslie,185071215,80964,46260,2965,323282,128935,7727378,True,False,English
679,Tyceno,193917342,44065,41795,4282,331929,287712,1690019,True,True,English
680,Faux,185190429,154646,15436,1183,226512,31350,3275376,True,False,English
681,RiotGamesTurkish,210668359,26245,34774,9345,430405,45131,12146482,True,False,Turkish
682,makataO,217311039,204668,12845,928,382370,124193,8203640,True,False,Russian
683,Drjayfisto,178969845,190667,3785,1142,119337,36005,7016968,True,True,English
684,CarTmaNzbs,214104308,108602,6167,2212,398205,61615,13326466,True,False,Russian
685,Th3Antonio,229048637,63763,15732,2385,199872,83526,6182076,True,False,Spanish
686,BigEx,177952461,113000,20134,1431,227341,162472,2250813,True,False,English
687,BigSpinCR,194369940,104152,25169,1959,195751,79728,3447658,True,False,German
688,Maghla,177496642,88699,17761,2645,367607,251826,7527092,True,True,French
689,Becca,202868031,125962,11263,1507,305551,55199,4552425,True,False,English
690,SirhcEz,198493020,153586,6555,1456,444648,37689,3174926,True,False,English
691,twlevewinsHS,201339480,109038,6207,1529,37602,41230,1542493,True,False,English
692,코렛트 (collet11),185262124,144261,6078,1455,236833,67970,5896733,True,False,Korean
693,Zombie_Barricades,178880348,255423,4806,736,218431,64130,2384253,True,True,English
694,NBA2KLeague,249458643,30609,53130,3952,187302,47760,75277829,True,False,English
695,XBOCT,201574680,37897,22795,3540,307836,60390,5837320,True,False,Russian
696,shtan_udachi,203895992,92980,8220,2287,83320,22891,4973089,True,False,Russian
697,orslok,217788309,52329,19559,2851,296504,234621,5159233,True,False,Spanish
698,BRNWOWZK1,224581105,372908,7312,484,187034,102597,5913346,True,True,Portuguese
699,HellYeahPlay,183972367,123459,4659,1277,134212,35388,5082559,True,False,Russian
700,홍방장 (game2eye),178756568,103229,5867,1868,131421,27772,5422016,True,False,Korean
701,grafo,190870937,126687,6023,1559,528061,147118,6873982,True,False,Spanish
702,xTheSolutionTV,176350630,82150,18694,2231,326459,101623,3059330,True,False,German
703,Igromania,207035397,189139,6498,734,192446,12649,140582680,True,False,Russian
704,Back2Warcraft,225701419,107318,7254,1443,121871,23910,4680580,True,False,German
705,超負荷 (sam1268),197716416,36976,9243,4619,157132,20521,6347702,True,True,Chinese
706,10000DAYS,179962986,143278,10922,1244,413429,138607,10989681,True,False,Turkish
707,iProMx,176903676,38130,7881,4099,109170,71954,1963842,True,False,French
708,짬타수아 (zzamtiger0310),181268701,91681,5296,1765,181948,49331,7136958,True,False,Korean
709,GingiTV,179154566,117865,7250,1337,188948,42983,5837891,True,False,English
710,venruki,210231805,193602,15706,1091,310949,55536,9168792,True,False,English
711,Pimpeano,184030037,27287,38437,7756,671617,875433,4295131,True,True,Spanish
712,MatteoHS,215133460,145988,6358,1028,451356,232183,5186879,True,False,Italian
713,nugiyen,202785846,160794,9454,1024,122978,21598,3721680,True,False,English
714,HighDistortion,181259649,109756,26436,1286,1657426,57216,5990530,True,False,English
715,LuquEt4,221989319,183036,5638,1329,63935,41767,2969625,True,True,Portuguese
716,THump,207130074,110282,8088,1713,232155,113164,2576779,True,True,English
717,MaTaFe_,176476834,186176,8259,1007,137760,99034,4205966,True,True,English
718,rxnexus,183726138,119536,7892,1575,270429,25064,6033484,True,False,Russian
719,VaporaDark,185502541,75567,5161,2020,86501,25800,8055472,True,False,English
720,PaymoneyWubby,197282122,37032,21304,5909,327543,121983,2681133,True,False,English
721,RTGameCrowd,175681462,43320,23435,5192,619906,329130,3854829,True,False,English
722,다주 (dda_ju),169046382,113446,8075,1208,152720,63032,4079939,True,False,Korean
723,Bawkbasoup,214868327,144942,8901,1550,100143,31432,2507125,True,True,English
724,견자희 (wkgml),172549613,76140,11904,2817,377240,163166,6627114,True,False,Korean
725,Werlyb,175813035,58513,30322,2599,210855,166115,6179035,True,False,Spanish
726,TSM_Hamlinz,196379337,11559,48545,17729,2055000,115931,2641482,True,False,English
727,DougisRaw,188122984,179761,21259,983,122342,80798,2342785,True,True,English
728,Mmorpg,213556152,191149,4891,961,233403,17056,3234409,True,False,English
729,BreaK,201239030,121064,10347,1666,275898,17432,4205046,True,True,English
730,berkriptepe,184370728,34617,24612,3862,561048,272411,6403321,True,False,Turkish
731,Xposed,171471288,119416,9377,1538,272340,154330,2428436,True,True,English
732,무굴 (moogrr1211),189183285,213015,1954,855,32972,10085,3124497,True,False,Korean
733,BoarControlHS,185621147,188838,3542,1017,87516,47377,2911646,True,False,English
734,Dementardo,174308325,38195,17259,5038,549303,513024,3078646,True,False,Spanish
735,CrReaM,195072292,167748,8906,1072,182277,5650,1737661,True,True,English
736,Xiuder_,205945994,177159,11282,781,401956,304935,3679333,True,False,Italian
737,SmallAnt,202438393,124225,13394,1673,271623,204905,2938475,True,False,English
738,Naowh,175578262,120643,10372,992,83101,62389,5831215,True,False,English
739,Tonton,191520540,135609,10709,1507,174088,79102,4053301,True,False,French
740,逼比 (bebelolz),195998386,71108,8842,1823,177372,30494,8257942,True,False,Chinese
741,踢虧 (takesipon),190905428,129503,9747,1429,56157,13951,4595496,True,False,Chinese
742,Vargskelethor,191401883,62672,4445,2650,324899,67980,2331832,True,True,English
743,핑맨 (95pingman),170641672,50276,20425,3826,205089,96810,3784078,True,False,Korean
744,LobosJr,179754395,147994,9250,1815,366723,32440,4952521,True,True,English
745,ZONY,171323310,171612,8136,1109,256384,109657,4400257,True,False,Polish
746,Monstercat,172337041,529327,13465,310,746393,21445,4164343,True,False,English
747,k1ng,190116689,41263,54318,3494,679285,449477,6776216,True,False,Spanish
748,DuelLinksMeta,191751868,98792,6390,1837,73493,25492,6623004,True,False,English
749,Esports_Alliance,179768310,47039,28166,5473,138697,59568,9750398,True,False,Thai
750,lolesportsla,182848844,42108,42769,3959,179076,62155,6496657,True,False,Spanish
751,Vovo,168164426,154876,6134,956,174265,78001,3854891,True,True,Portuguese
752,goncho,207758709,76888,17946,2563,498171,255886,6709290,True,True,Spanish
753,MenosTrece,177786704,115490,7501,1279,444250,165599,5784243,True,False,Spanish
754,swimstrim,175232187,123689,10511,1449,143157,59322,3628973,True,False,English
755,AnneMunition,172387328,104075,39701,1803,567005,75124,13920436,True,False,English
756,Reverse2k,169655180,216683,16241,991,332782,137021,4257778,True,False,English
757,erobb221,208586240,87304,10379,2064,248857,73533,2502982,True,False,English
758,voicetv,168548517,646154,1712,347,4612,1731,4458644,True,False,Thai
759,FFearFFul,171211661,36959,96019,4999,426574,373224,2860587,True,False,Arabic
760,Cryaotic,186378145,94578,8939,1472,890185,24155,2708639,True,True,English
761,Dmitry_Lixxx,173810941,52293,24029,2899,479517,332408,9458863,True,False,Russian
762,Sweatcicle,198739611,151304,11631,1110,159913,116191,2818095,True,True,English
763,tebtv,204977791,80454,15655,1872,63110,60226,12281873,True,False,English
764,_연두부_ (lovelyyeon),175323293,153112,4657,1038,125007,73079,5569932,True,False,Korean
765,pankylol,191883804,55525,15847,2641,258965,150188,8963441,True,False,Turkish
766,Alkaizerx,168421788,114165,13862,1272,174177,19924,3744853,True,True,English
767,hastad,212173432,101613,9790,2160,744083,210803,5384785,True,False,Portuguese
768,미라지 (mirage720),164400275,97922,27980,1634,307253,155346,5790324,True,False,Korean
769,Tanxlive,187309571,194232,5852,1150,266622,42396,8025168,True,True,Thai
770,Rogue,161186281,135255,7561,981,141585,143156,2587889,True,False,English
771,easywithaces,175564568,112527,17174,1316,98217,33744,4503379,True,True,English
772,BeyondTheSummit_PT2,172939490,106411,126123,831,139289,145644,5482211,True,False,Portuguese
773,CarritosKami,172661726,125503,19285,1716,194615,63192,7096767,True,False,Spanish
774,dizzy,182387027,49791,25302,3245,1037797,113254,5350571,True,True,English
775,EAMaddenNFL,173041637,20917,50153,3610,246017,86857,5545493,True,False,English
776,TobiasFate,164879190,141873,4460,1060,955388,55938,5222203,True,False,English
777,PUBG,164193127,33909,28299,5579,815901,104132,5500533,True,False,English
778,BananaSlamJamma,191451078,121433,4696,1358,191293,26873,2970283,True,True,English
779,Dyrus,186759994,174306,10378,1303,1219917,106,4078994,True,True,English
780,Mushway,189102533,60991,10179,2372,328809,222845,3667836,True,False,French
781,bazattak007,186263831,96708,10279,1636,392064,353836,5209241,True,False,Spanish
782,IFrostBolt,171579514,194877,5759,947,268507,124045,2805888,True,False,English
783,Kandyland,186299484,103908,8199,1451,514561,142108,11277298,True,True,English
784,감블러 (9ambler),188398051,96864,9495,1546,165539,64562,3933815,True,False,Korean
785,Sco,173161018,65977,18517,1699,454250,38439,10867335,True,False,English
786,ProfessorBroman,165439410,208456,15479,666,796124,17710,3670935,True,True,English
787,Paoloidolo,170666478,150937,10614,1140,166115,49775,4687747,True,False,Italian
788,1PVCS,183695985,61643,18061,2762,84958,32427,12377892,True,False,French
789,강퀴 (kangqui),198363596,125684,8715,1210,50683,14170,4280463,True,False,Korean
790,AkTep,178608468,114788,6095,1486,199712,45640,4504074,True,True,Russian
791,햇살살 (hatsalsal),198767890,125051,4642,1492,62569,28572,5878616,True,False,Korean
792,PardonMyTake,172227831,26707,155278,7327,160318,128493,3384791,True,False,English
793,Sweet_Anita,160471402,63985,21691,3232,983566,461517,9175038,True,True,English
794,Draineo,162584787,129578,9062,1269,120520,64620,191743,True,False,English
795,Cerbero_Podcast,158507178,58881,13939,2344,155686,93267,5104661,True,False,Italian
796,cellinrj,157631187,95261,6989,1633,232992,125266,3886448,True,True,Portuguese
797,SkyshockTV,159804345,98124,6655,1752,132801,33606,4137044,True,False,Spanish
798,Evangelion0,170463618,104797,8982,1190,109086,34093,3613324,True,False,Spanish
799,AnthonyZ,155009196,143262,6179,1356,195499,27570,3516910,True,False,English
800,mokrivskyi,164520715,29263,30021,6086,300156,312408,9502259,False,False,Russian
801,CaMaK,208457976,94554,9115,2170,149098,7694,4039339,True,True,French
802,Uthenera,205984008,84719,10478,1772,428279,110681,5829073,True,False,Turkish
803,Corobizar,161163787,96325,11513,1602,286252,101025,5483065,True,False,French
804,roflgator,175317049,113973,13618,1232,94815,42861,1640863,True,True,English
805,QuarterJade,180127135,69469,13689,2608,314930,169288,3929780,True,False,English
806,kutcherlol,187601955,143916,8209,1160,195696,38966,5450081,True,False,German
807,DieHahn,154499479,144683,7888,984,172290,59177,4121991,True,True,German
808,chowh1,169765515,144338,7924,1141,99729,81951,4880128,True,True,French
809,cacho01,169587644,55693,17493,2541,249526,297273,2849009,True,False,Spanish
810,natalan,168270491,68763,10275,2672,539073,413605,3239977,True,True,Spanish
811,DreamHackDota2_RU,162193133,6632,103121,21764,218176,33514,4072954,True,False,Russian
812,DuendePablo,178108366,146907,13899,1215,563141,121778,4380929,True,False,Spanish
813,小夜夜 (albislol),154452373,237930,4060,832,132344,8118,4602525,True,True,Chinese
814,UCCleague,171246250,161734,11409,1254,217892,46193,9944765,True,False,Russian
815,貝克 (slrabbit99),193150184,130315,3892,1375,113195,2606,5758069,True,True,Chinese
816,Stewie2K,162399893,26675,29280,6194,851549,229127,6041800,True,True,English
817,jorbs,185816926,134370,3745,1419,79798,25728,1511442,True,False,English
818,BlackFIreIce,159865951,176539,2841,881,118350,6596,5216851,True,False,Polish
819,kurt0411,163507021,40267,23122,4244,136115,103336,2308349,True,False,English
820,Herdyn,174252936,136156,3600,1217,449317,82397,6458747,True,True,Czech
821,Frankkaster,170260381,37684,38176,4426,874243,328966,6124183,True,True,Spanish
822,SayNoToRage,153706959,175768,9269,1074,147533,17131,1648267,True,False,English
823,MiltonTPike1,151139722,92970,8767,1629,206424,24702,2494705,True,False,English
824,H0llyLP,189155483,138339,5023,1124,144954,14093,4677370,True,True,German
825,MarkitoNavaja,206709405,29088,29564,4399,693538,667083,3534193,True,False,Spanish
826,RobertoCein,167451064,137407,13474,1442,709319,377069,3142831,True,True,Spanish
827,KVYZEE,182215951,184096,8493,755,109038,91505,7056492,True,False,Russian
828,MarketTradersTV,162498852,513823,1389,317,30108,12563,1075075,True,False,English
829,Flambass,167452618,153192,5863,890,89579,24733,2339253,True,True,English
830,Aa9skillz,152619711,59432,11900,3194,476353,161942,2491144,True,False,English
831,Limmy,190481809,103941,6791,1390,226240,94464,2671911,True,True,English
832,SparkofPhoenixTV,161446440,96724,14155,1199,446815,204268,3813920,True,False,German
833,kyliebitkin,187106324,158876,7497,983,86216,23758,2817273,True,True,English
834,CoconutB,151186611,178628,4862,1094,197654,49511,2901433,True,True,English
835,FanHOTS,171867892,172756,2408,1181,57016,25146,2794715,True,False,English
836,Pelegrino1993,160079291,131777,4743,771,85860,58343,1980510,True,False,Portuguese
837,Killars,186578745,273117,4019,501,43946,18808,1975253,True,False,English
838,Weak3n,154009856,126615,3394,1244,116029,31291,4783130,True,False,English
839,Tourva,205260205,141620,5235,1080,259942,212143,9891067,True,True,English
840,wintergaming,151341141,222037,4582,505,279099,12736,4107591,True,False,English
841,Vicens,150501059,27136,33152,5343,624485,624155,4883152,True,False,Spanish
842,PainLivestream,201161857,94703,16314,1416,352479,89068,2363418,True,True,German
843,monkeys_forever,168878887,95214,6091,1532,91335,30010,2245571,True,False,English
844,Kaydop,158480686,77430,23337,1738,267507,129849,3881784,True,False,French
845,しゃるる (syaruru3),153855387,129884,3663,1439,39790,9416,3207411,True,False,Japanese
846,primeleague,147328649,34903,21675,4190,66461,65702,6484452,True,False,German
847,LRojo_,159081759,123437,8285,1336,102133,79611,4794419,True,False,Spanish
848,trihex,186783770,150123,20785,1117,453991,32596,6715304,True,True,English
849,Spaceboy,171727339,152362,12793,1212,166887,34949,2641266,True,True,English
850,Froggen,149896701,49276,11405,2194,804474,30427,4509598,True,False,English
851,BotanicX,144932754,97275,10657,2486,37593,13834,11306609,False,False,Russian
852,dinablin,173122214,69678,30011,2567,333441,230128,13185947,True,False,Russian
853,RiceGum,148540310,12368,28877,10841,681878,338975,2279389,True,False,English
854,ipav999,151080773,201317,2738,453,167080,86156,3571081,True,False,English
855,Lutti,174600064,99238,35167,1155,186960,194004,3798003,True,False,French
856,kragiee,160623040,136514,7691,1396,215335,60066,3529381,True,False,English
857,Puppers,154790164,110235,8900,1665,220985,72987,1930479,True,False,English
858,Crayator,152419739,77785,4286,1546,696362,194472,4520319,True,False,English
859,MANvsGAME,148311190,66230,5155,1789,415596,1479,3365229,True,True,English
860,TheRealMarzaa,150745530,97017,11639,1738,552863,294868,2919615,True,False,Italian
861,foggedftw2,163527490,116135,11518,1433,238228,116770,3571034,True,True,English
862,Linkus7,169968155,131189,6227,1270,58450,34723,2009770,True,False,English
863,Arcadum,157707365,144679,14535,1067,99128,88906,2895959,True,False,English
864,ImMarksman,181192472,90588,10722,1771,686306,166540,1393235,True,False,English
865,LightFuryLF,189356297,112085,16998,1001,50446,35548,5749279,True,False,Thai
866,BarcaGamer,200019880,140688,49150,1098,754355,539585,3454207,True,False,Spanish
867,EFEUYGAC,171566702,40745,14333,4405,258408,305977,5242276,True,True,Turkish
868,Xnapycz,154005276,99829,4632,1894,92391,45120,5464949,True,True,Czech
869,SilentSentry,152716038,152351,6267,1140,285989,12566,1988546,True,False,English
870,球球 (lilballzlolz),149706960,94807,7199,1813,126770,9920,5019962,True,False,Chinese
871,DaigoTheBeasTV,172633230,64241,25544,2157,182725,41719,4491711,True,False,Japanese
872,UncleBjorn,155579572,141129,5207,1119,129682,26009,8165372,True,False,Russian
873,AnniTheDuck,193298742,60588,8506,2997,369826,296593,7462398,True,True,German
874,StRoGo,153847739,39652,48063,5619,285409,239774,6716805,True,False,Russian
875,재슥짱 (pikra10),156078836,129540,4400,1200,76434,31848,3250662,True,False,Korean
876,貝莉莓 (beryl_lulu),154869030,104039,16579,1794,177462,49259,10457868,True,False,Chinese
877,purple_hs,163121426,113229,5341,1135,96328,19610,1735523,True,False,English
878,Harmii,168693872,130183,4777,1067,309327,184010,3945158,True,False,German
879,Zerkaa,166443922,68184,9917,2254,525996,389302,2758710,True,False,English
880,iklooode25,159640550,25193,44837,7361,504253,345464,1536409,True,False,Arabic
881,聶寶 (nielnieh345),149296907,192180,5116,662,107276,16663,5322037,True,False,Chinese
882,akagreenn,178351295,61797,23467,3006,114158,122616,3582696,True,True,Turkish
883,Spraggy,185308593,107910,33245,1929,97071,43113,3717095,True,False,English
884,TpaBoMaH,139750483,115631,7308,1805,124603,76298,8915987,True,False,Russian
885,Day9tv,157575716,80133,6105,1908,572622,12110,2950001,True,False,English
886,Sologesang,144998884,134998,4296,998,54658,26420,5272430,True,False,German
887,karavay46,151484219,40223,58338,3034,300463,266024,8670840,True,False,Russian
888,RaulZitoYT,147531779,167848,6175,619,58385,73217,3279543,True,False,Portuguese
889,JonBams,145347116,102529,5266,1447,309290,61999,2063025,True,True,English
890,Japan_ASMR,138982388,516091,479,203,68623,31214,1297543,True,False,Japanese
891,OuterHeaven,142598626,106904,8283,789,160850,6884,1147517,True,True,English
892,Yamikazexz,143060200,89051,11209,1248,241400,156824,6751240,True,False,English
893,aircool,152260028,139725,10096,1236,147249,121510,1765518,True,False,English
894,Lapi,141081646,191623,8448,817,80653,12478,9332607,True,False,French
895,robn_live,140129781,143133,67601,627,68896,71409,1702560,True,False,English
896,과로사1 (aram4519),144533783,96270,14994,1130,306250,184549,5810784,True,False,Korean
897,Ezekiel_III,142046730,126433,14880,1263,181929,7946,5615225,True,True,English
898,RebeuDeter,138434112,18511,26195,6065,202126,189504,2911239,True,False,French
899,nookyyy,187729740,169512,7196,605,179401,96034,2862833,True,False,German
900,BrookeAB,144327748,65998,29626,2480,495268,254574,7419131,True,False,English
901,innocents,141793876,87035,14173,1873,555961,300660,3692010,True,True,English
902,RealKraftyy,146207782,127982,18281,1438,673937,17605,4310802,True,False,English
903,rhobalas_lol,174332685,213467,4388,855,94388,81929,3699806,True,False,French
904,veloxey,135458534,90149,8459,1523,245174,187334,1941953,True,False,Italian
905,ArQuel,174274209,137627,8486,1448,323299,47801,5533727,True,False,Polish
906,ElOjoNinja,150255936,89256,10418,1676,251044,94703,6225092,True,False,Spanish
907,Bamboe,140305278,140600,6294,1110,83300,31276,2345408,True,False,English
908,Sonecarox,153117769,258709,2227,476,93604,18334,3529831,True,True,Portuguese
909,MuTeX,154486363,178744,7430,861,123783,146865,1681367,True,True,English
910,RayNarvaezJr,149611592,91187,6781,1411,490253,24390,2375090,True,True,English
911,Tanovich,166399976,93637,6369,1578,280941,189469,4621974,True,True,Spanish
912,Zalae,164605610,102389,7228,1301,182354,16673,1978277,True,False,English
913,KheZu,150098746,125590,4098,860,128618,27837,2904173,True,False,English
914,mandiocaa1,161153497,32120,11141,5502,322572,25278,2691642,True,True,Portuguese
915,스피드소닉 (dragon3652),137828086,270077,1941,641,35484,5773,5871178,True,False,Korean
916,RiotGamesOCE,134159985,44335,61281,3648,148509,75598,8869740,True,False,English
917,Videoyun,144862852,131697,8887,1087,307814,79028,9654002,True,False,Turkish
918,AlcastHQ,166537194,30547,15177,3017,87050,23456,45713785,True,False,English
919,julien,138895660,101450,15286,1752,415110,172052,5428745,True,False,English
920,iGeStarK,147577946,99284,14182,1371,258358,232083,3133945,True,False,Spanish
921,Ziqoftw,149720159,102818,12025,896,221499,37713,5067055,True,False,English
922,CyrusTWO,140241568,149803,3320,991,89632,29159,6998861,True,True,Swedish
923,칸데르니아 (jmjdoc),134577228,202557,2595,671,25778,10171,4430304,True,False,Korean
924,CouRageJD,146574639,16503,71162,7980,2733673,100886,3130837,False,False,English
925,YoMax,139861832,68288,17234,1782,198186,124659,1790188,True,False,French
926,JeffHoogland,155880760,128447,3767,1134,64706,6317,2175758,True,False,English
927,Call of Duty (callofduty),143414222,3771,151077,20533,942668,52433,6612875,True,True,English
928,GoBGG,161158484,94489,4761,1577,259408,34103,7269443,True,False,French
929,Wackyjacky101,137759327,146468,6715,1079,253765,64961,11663957,True,False,English
930,TaKeTV,149908823,135753,25911,841,281110,12508,2866666,True,False,German
931,iceiceice,139361215,42124,10207,3636,199411,61989,2904355,True,False,English
932,StarCraft,133495284,16132,67358,6367,368442,25491,4190152,True,False,English
933,MadDecentLive,153057235,45630,40250,3212,115600,71192,45674472,False,False,English
934,WillerZ,149403789,141890,27366,828,82973,70177,2392588,True,True,English
935,SoyPan,139581747,137066,15141,980,408163,187348,2258500,True,False,Spanish
936,murilo_RT,144049818,404243,8698,358,92453,56765,4102562,True,True,Portuguese
937,Multiplayerit,162161265,122298,19021,664,63197,20753,35230279,True,False,Italian
938,Markstrom,164515900,114209,78948,1113,104476,31328,2008519,True,False,English
939,Krayn_Live,139343280,188690,4113,1113,155418,19798,5547723,True,True,French
940,西門夜說 (westdoor),131755881,116419,6747,1343,296035,16240,5369483,True,True,Chinese
941,Sintica,150564069,102409,8705,1022,173003,108772,7653456,True,False,German
942,FantaBobShow,143343488,74128,6916,2055,402677,76360,3602590,True,True,French
943,ops1x,156460356,71118,20950,1627,302202,217017,3600050,True,False,English
944,wingz,131016372,97249,4413,1611,111375,27678,3276213,True,False,Spanish
945,ZLOYn,156483898,50517,17867,1778,268585,293276,7921384,True,False,Russian
946,HunterGodBr,139013711,109724,49919,1659,320991,294414,15839244,True,False,Portuguese
947,leplol1,136871810,128033,8193,1345,185027,102004,3202523,False,False,Portuguese
948,sacy,152526451,116366,9179,1284,205922,115749,3750548,True,False,Portuguese
949,헤징 (hejin0_0),130451963,177249,2190,891,152688,71863,5958760,True,False,Korean
950,Naru,142209232,46946,12574,2386,290964,129451,5665767,True,False,Turkish
951,Warcraft,141637361,10732,31405,17523,686264,35788,7279530,True,False,English
952,FlexZ,191331448,123518,16673,799,146048,128672,3541273,True,False,Spanish
953,DizzyKitten,143069749,80979,7208,1897,537413,36069,9114538,True,False,English
954,지수소녀 (wltn4765),137776232,158720,11567,945,72024,52109,6679818,True,False,Korean
955,Staryuuki,133399275,86150,5704,1779,613748,395086,6054994,True,False,Spanish
956,CeMka,131878133,112992,20818,1167,90907,17468,5120829,True,False,Russian
957,Halifax,157568469,186960,12788,944,204343,40912,3507975,True,False,English
958,Bidule,131252587,74324,8724,1703,75262,57764,2535651,False,True,French
959,Gabi,135956496,64618,18470,2186,272840,189716,3956214,True,False,Portuguese
960,Hype,128099929,92097,12676,1580,147606,73688,6843250,True,True,Turkish
961,Gigz,162640130,106770,17638,1206,291390,32861,2406780,True,False,English
962,매직박 (yagubu),145793671,78472,30948,1580,68527,62099,4486148,True,False,Korean
963,richwcampbell,161134230,70145,31445,1648,107899,46827,4105891,True,False,English
964,ESL_CSGO_FR,131900155,55044,16439,2541,214795,22325,4637286,True,False,French
965,양아지 (dkwl025),137489973,108578,6234,1094,232647,117068,6322117,True,False,Korean
966,Cizzorz,128526866,74944,13040,2088,1529176,266268,3342457,True,False,English
967,RyuQuezacotl,163246671,133131,3985,1036,76949,10329,1907837,True,True,English
968,Sigma,145933234,111598,67820,796,63365,38979,1530828,True,True,English
969,Robbaz,142592653,90904,3787,1221,273172,17714,5024961,True,False,English
970,mailand,171724144,103123,7010,1573,65475,39068,4077582,True,True,German
971,Buozzi,126912512,147694,4733,1074,94884,34816,6569083,True,True,Portuguese
972,HeyarTV,142559712,162341,2520,743,86331,15432,2704241,True,True,French
973,LenaGol0vach,135938417,34449,7969,4017,302505,44052,3594466,False,False,Russian
974,Sinner666,146405285,26367,34073,5233,7707,6456,27577547,False,False,Russian
975,TommyKayLIVE,130284515,116468,2191,1432,172176,57898,2694661,True,True,English
976,TMemoryy,133743834,132214,3836,915,192958,63822,1075478,True,False,English
977,Patriota,148815723,75831,34163,2035,669857,464862,4043505,True,False,Portuguese
978,러너교 (runner0608),144110263,63742,20161,1533,113226,48338,4423808,False,False,Korean
979,zorlaKOKA,129616392,110507,5236,1345,408984,50748,8881451,True,False,Portuguese
980,Hitch,134521147,150383,4559,932,99851,33952,2099932,True,True,English
981,calango,126108620,75020,6286,1692,836004,231375,3921983,True,False,Portuguese
982,Adin2Huncho,126666215,71527,13585,1859,156335,108516,1080012,True,False,English
983,SlotRoom247,131478141,404774,15715,391,72302,86199,1627140,False,True,German
984,ALLinPav,137586709,153245,6229,744,67267,20394,3976266,True,True,English
985,Surefour,129803505,60971,5377,2810,289574,55423,2124217,True,True,English
986,NumotTheNummy,130046084,109993,3026,1119,106547,6102,1558329,True,False,English
987,aminematue,134089849,36667,19442,3375,120252,106080,2476638,True,False,French
988,CallMeCarsonLIVE,126569593,19162,60809,10218,970582,805711,3635387,True,True,English
989,ZiggyDLive,146405004,130545,20216,1407,229765,11718,4666744,True,False,English
990,KEEMSTAR,123875676,4801,73889,28854,144068,51487,7894744,False,False,English
991,크캣66 (crazzyccat),141248485,208721,2355,612,36782,29616,2134710,True,False,Korean
992,RelaxBeats,150826551,567909,3225,209,178965,28079,1379923,True,False,English
993,LAGTVMaximusBlack,130396458,174097,7460,716,252418,11275,2417716,True,True,English
994,Destructoid,128193710,118883,14824,1249,56051,10732,104031016,True,False,English
995,LITkillah,126227148,16355,22712,9636,563018,607085,2436532,True,False,Spanish
996,빅헤드 (bighead033),137264936,174432,4360,941,164758,48751,5089798,True,False,Korean
997,마스카 (newmasca),144000852,225217,6907,752,110274,-6943,3576326,True,False,Korean
998,AndyMilonakis,135443139,115863,12743,1269,517651,72811,4892352,True,False,English
999,Remx,168598352,111868,12468,1467,215989,60423,2222084,True,False,French
